OpportunityId;quarter;CompanyId;TrendScore;FeatureScore;BA;BR
dQ2HAhMQyFHItkmYHSfQv75G;2019 Q2;595c32c9d98776c9c7b553e2ffb7c2d6;2750;3135;900;500
dQ2HAhMQyFHItkmYHSfQv75G;2019 Q2;e6c258674d561c2b6fdac38a79d57243;3185;23890;1132;500
dQ2HAhMQyFHItkmYHSfQv75G;2019 Q2;737962add6b0f4823171184ee18ac3dd;3145;16837;1472;500
dQ2HAhMQyFHItkmYHSfQv75G;2019 Q2;437ba6fe24d7295ca42a59064db52b12;2720;5820;752;500
dQ2HAhMQyFHItkmYHSfQv75G;2019 Q2;595c32c9d98776c9c7b553e2ffb7c2d6;2750;3135;900;250
dQ2HAhMQyFHItkmYHSfQv75G;2019 Q2;e6c258674d561c2b6fdac38a79d57243;3185;23890;1132;250
dQ2HAhMQyFHItkmYHSfQv75G;2019 Q2;737962add6b0f4823171184ee18ac3dd;3145;16837;1472;250
dQ2HAhMQyFHItkmYHSfQv75G;2019 Q2;437ba6fe24d7295ca42a59064db52b12;2720;5820;752;250
