OpportunityId;quarter;CompanyId;TrendScore;FeatureScore;BA;BR
GiPqTs47DhiGBRg1LHjDP6Fw;2019 Q2;595c32c9d98776c9c7b553e2ffb7c2d6;2825;15132;900;500
GiPqTs47DhiGBRg1LHjDP6Fw;2019 Q2;e6c258674d561c2b6fdac38a79d57243;2660;22115;1132;500
GiPqTs47DhiGBRg1LHjDP6Fw;2019 Q2;737962add6b0f4823171184ee18ac3dd;2815;32940;1472;500
GiPqTs47DhiGBRg1LHjDP6Fw;2019 Q2;437ba6fe24d7295ca42a59064db52b12;1980;18725;752;500
GiPqTs47DhiGBRg1LHjDP6Fw;2019 Q2;595c32c9d98776c9c7b553e2ffb7c2d6;2825;15132;900;250
GiPqTs47DhiGBRg1LHjDP6Fw;2019 Q2;e6c258674d561c2b6fdac38a79d57243;2660;22115;1132;250
GiPqTs47DhiGBRg1LHjDP6Fw;2019 Q2;737962add6b0f4823171184ee18ac3dd;2815;32940;1472;250
GiPqTs47DhiGBRg1LHjDP6Fw;2019 Q2;437ba6fe24d7295ca42a59064db52b12;1980;18725;752;250
