OpportunityId;quarter;CompanyId;TrendScore;FeatureScore;BA;BR
LuRCn1iQlQ9duW0FSVUB2tG8;2019 Q2;595c32c9d98776c9c7b553e2ffb7c2d6;3030;24532;900;500
LuRCn1iQlQ9duW0FSVUB2tG8;2019 Q2;e6c258674d561c2b6fdac38a79d57243;2705;20735;1132;500
LuRCn1iQlQ9duW0FSVUB2tG8;2019 Q2;737962add6b0f4823171184ee18ac3dd;2895;21500;1472;500
LuRCn1iQlQ9duW0FSVUB2tG8;2019 Q2;437ba6fe24d7295ca42a59064db52b12;3045;15180;752;500
LuRCn1iQlQ9duW0FSVUB2tG8;2019 Q2;595c32c9d98776c9c7b553e2ffb7c2d6;3030;24532;900;250
LuRCn1iQlQ9duW0FSVUB2tG8;2019 Q2;e6c258674d561c2b6fdac38a79d57243;2705;20735;1132;250
LuRCn1iQlQ9duW0FSVUB2tG8;2019 Q2;737962add6b0f4823171184ee18ac3dd;2895;21500;1472;250
LuRCn1iQlQ9duW0FSVUB2tG8;2019 Q2;437ba6fe24d7295ca42a59064db52b12;3045;15180;752;250
