OpportunityId;quarter;CompanyId;TrendScore;FeatureScore;BA;BR
ru4z7K2vWXNoAqIaGKfm1DGW;2019 Q2;595c32c9d98776c9c7b553e2ffb7c2d6;2730;18090;900;500
ru4z7K2vWXNoAqIaGKfm1DGW;2019 Q2;e6c258674d561c2b6fdac38a79d57243;3250;16650;1132;500
ru4z7K2vWXNoAqIaGKfm1DGW;2019 Q2;737962add6b0f4823171184ee18ac3dd;2950;22050;1472;500
ru4z7K2vWXNoAqIaGKfm1DGW;2019 Q2;437ba6fe24d7295ca42a59064db52b12;2935;22950;752;500
ru4z7K2vWXNoAqIaGKfm1DGW;2019 Q2;595c32c9d98776c9c7b553e2ffb7c2d6;2730;18090;900;250
ru4z7K2vWXNoAqIaGKfm1DGW;2019 Q2;e6c258674d561c2b6fdac38a79d57243;3250;16650;1132;250
ru4z7K2vWXNoAqIaGKfm1DGW;2019 Q2;737962add6b0f4823171184ee18ac3dd;2950;22050;1472;250
ru4z7K2vWXNoAqIaGKfm1DGW;2019 Q2;437ba6fe24d7295ca42a59064db52b12;2935;22950;752;250
