OpportunityId;quarter;CompanyId;TrendScore;FeatureScore;BA;BR
wELtlpInnuY902TzHoXmSiEG;2019 Q2;595c32c9d98776c9c7b553e2ffb7c2d6;3270;1980;900;500
wELtlpInnuY902TzHoXmSiEG;2019 Q2;e6c258674d561c2b6fdac38a79d57243;2960;2070;1132;500
wELtlpInnuY902TzHoXmSiEG;2019 Q2;737962add6b0f4823171184ee18ac3dd;2750;18900;1472;500
wELtlpInnuY902TzHoXmSiEG;2019 Q2;437ba6fe24d7295ca42a59064db52b12;2685;0;752;500
wELtlpInnuY902TzHoXmSiEG;2019 Q2;595c32c9d98776c9c7b553e2ffb7c2d6;3270;1980;900;250
wELtlpInnuY902TzHoXmSiEG;2019 Q2;e6c258674d561c2b6fdac38a79d57243;2960;2070;1132;250
wELtlpInnuY902TzHoXmSiEG;2019 Q2;737962add6b0f4823171184ee18ac3dd;2750;18900;1472;250
wELtlpInnuY902TzHoXmSiEG;2019 Q2;437ba6fe24d7295ca42a59064db52b12;2685;0;752;250
