OpportunityId;quarter;CompanyId;TrendScore;FeatureScore;BA;BR
yhjBtrcwzQx6fEQLatxv6pSS;2019 Q2;595c32c9d98776c9c7b553e2ffb7c2d6;3390;7259;900;500
yhjBtrcwzQx6fEQLatxv6pSS;2019 Q2;e6c258674d561c2b6fdac38a79d57243;2885;3220;1132;500
yhjBtrcwzQx6fEQLatxv6pSS;2019 Q2;737962add6b0f4823171184ee18ac3dd;2330;11980;1472;500
yhjBtrcwzQx6fEQLatxv6pSS;2019 Q2;437ba6fe24d7295ca42a59064db52b12;1200;0;752;500
yhjBtrcwzQx6fEQLatxv6pSS;2019 Q2;595c32c9d98776c9c7b553e2ffb7c2d6;3390;7259;900;250
yhjBtrcwzQx6fEQLatxv6pSS;2019 Q2;e6c258674d561c2b6fdac38a79d57243;2885;3220;1132;250
yhjBtrcwzQx6fEQLatxv6pSS;2019 Q2;737962add6b0f4823171184ee18ac3dd;2330;11980;1472;250
yhjBtrcwzQx6fEQLatxv6pSS;2019 Q2;437ba6fe24d7295ca42a59064db52b12;1200;0;752;250
